{
  "metadata": {
    "filename": "_557 20253report.xls",
    "company": "\" Премиум Нэксус \" ХК",
    "year": "2025",
    "parsed_at": "2026-02-23T14:18:02.662819",
    "sheets_parsed": [
      "balance_sheet",
      "income_statement",
      "cash_flow"
    ]
  },
  "balance_sheet": {
    "current_assets_section": 0.0,
    "current_assets_section_prev": 0.0,
    "cash_and_equivalents": 10258621.562308025,
    "cash_and_equivalents_prev": 10431531.193708232,
    "accounts_receivable": 7613814.488489992,
    "accounts_receivable_prev": 6042803.83908004,
    "tax_receivable": 3372935.7598901214,
    "tax_receivable_prev": 2350875.705410029,
    "other_receivables": 1486387.544630001,
    "other_receivables_prev": 1936176.097490006,
    "other_financial_assets": 6477.937319999993,
    "other_financial_assets_prev": 27598.770759999992,
    "inventory": 70768652.98631074,
    "inventory_prev": 47194508.827790014,
    "prepaid_expenses": 22637644.544265646,
    "prepaid_expenses_prev": 7326357.582490006,
    "other_current_assets": 638909.8824099994,
    "other_current_assets_prev": 3119135.836039999,
    "non_current_assets_section": 0.0,
    "non_current_assets_section_prev": 0.0,
    "total_current_assets": 116783444.7056245,
    "total_current_assets_prev": 78428987.85276833,
    "fixed_assets": 161178228.73634994,
    "fixed_assets_prev": 118133465.47987472,
    "intangible_assets": 39647268.44541218,
    "intangible_assets_prev": 39774042.08120636,
    "biological_assets": 0.0,
    "biological_assets_prev": 0.0,
    "long_term_investments": 0.0,
    "long_term_investments_prev": 0.0,
    "deferred_tax_asset": 1977333.8655400004,
    "deferred_tax_asset_prev": 1985219.5691499996,
    "other_non_current_assets": 13698400.646714557,
    "other_non_current_assets_prev": 11204649.39166455,
    "total_non_current_assets": 291746036.62782663,
    "total_non_current_assets_prev": 235502465.0747056,
    "total_assets": 408529481.33345115,
    "total_assets_prev": 313931452.92747396,
    "total_equity": 131122349.9951722,
    "total_equity_prev": 102788809.5205795,
    "accounts_payable": 92401284.72580884,
    "accounts_payable_prev": 64162037.33454932,
    "salaries_payable": 2659286.673389988,
    "salaries_payable_prev": 1591950.3444400309,
    "taxes_payable": 5746947.829839989,
    "taxes_payable_prev": 4820829.989620066,
    "social_security_payable": 594.8291800023651,
    "social_security_payable_prev": 8726.09071,
    "short_term_loans": 19208888.81838002,
    "short_term_loans_prev": 24556756.545700006,
    "interest_payable": 226094.6789800013,
    "interest_payable_prev": 176472.8404400011,
    "dividends_payable": 0.0,
    "dividends_payable_prev": 0.0,
    "unearned_revenue": 2584131.71446,
    "unearned_revenue_prev": 1457760.9000300006,
    "other_current_liabilities": 2188941.7522900086,
    "other_current_liabilities_prev": 18876383.561190005,
    "total_current_liabilities": 125901840.90736885,
    "total_current_liabilities_prev": 116242647.03460944,
    "long_term_loans": 54204754.63336,
    "long_term_loans_prev": 23389242.103380002,
    "deferred_tax_liability": 4501054.1802989915,
    "deferred_tax_liability_prev": 4598557.66931471,
    "other_non_current_liabilities": 92799481.61724998,
    "other_non_current_liabilities_prev": 66912196.59958998,
    "total_non_current_liabilities": 151505290.43090898,
    "total_non_current_liabilities_prev": 94899996.3722847,
    "total_liabilities": 277407131.3382778,
    "total_liabilities_prev": 211142643.40689415,
    "additional_paid_in_capital": 45757915.96976,
    "additional_paid_in_capital_prev": 45757915.96976,
    "retained_earnings": 24100834.298344396,
    "retained_earnings_prev": 46598360.72973936,
    "total_liabilities_and_equity": 408529481.33345,
    "total_liabilities_and_equity_prev": 313931452.92746365
  },
  "income_statement": {
    "revenue": 587084313.969149,
    "revenue_prev": 598378661.318287,
    "cost_of_goods_sold": 505064050.07050323,
    "cost_of_goods_sold_prev": 518212423.3306932,
    "gross_profit": 82020263.89864582,
    "gross_profit_prev": 80166237.98759381,
    "rental_income": 134440.15687454544,
    "rental_income_prev": 220475.62705,
    "interest_income": 1497787.9144499998,
    "interest_income_prev": 2172876.6994799986,
    "dividend_income": 0.0,
    "dividend_income_prev": 0.0,
    "other_income": 6719340.306708008,
    "other_income_prev": 24408880.22947666,
    "selling_expenses": 4356748.928226865,
    "selling_expenses_prev": 3306473.804548295,
    "general_and_admin_expenses": 37311439.75846299,
    "general_and_admin_expenses_prev": 31419237.50590896,
    "financial_expense": 16417517.293930002,
    "financial_expense_prev": 19438179.02559,
    "other_expenses": 5962581.176290779,
    "other_expenses_prev": 4656152.8418045435,
    "foreign_exchange_gain_loss": -585108.24428,
    "foreign_exchange_gain_loss_prev": 435357.50708,
    "profit_before_tax": 29159111.920966987,
    "profit_before_tax_prev": 50352450.35690048,
    "income_tax_expense": 2766927.8269542824,
    "income_tax_expense_prev": 2949956.21420133,
    "profit_after_tax": 26392184.094012707,
    "profit_after_tax_prev": 47402494.14269915,
    "net_income": 26392184.094012707,
    "net_income_prev": 47402494.14269915,
    "total_comprehensive_income": 26392184.094012707,
    "total_comprehensive_income_prev": 47402494.14269915
  },
  "cash_flow": {
    "operating_activities_section": 0.0,
    "operating_activities_section_prev": 0.0,
    "operating_cash_flow": 67864580.55899915,
    "operating_cash_flow_prev": 60913481.64373926,
    "investing_activities_section": 0.0,
    "investing_activities_section_prev": 0.0,
    "investing_cash_flow": -72712047.30037002,
    "investing_cash_flow_prev": -37571140.53183999,
    "financing_activities_section": 0.0,
    "financing_activities_section_prev": 0.0,
    "financing_cash_flow": 4806307.532210022,
    "financing_cash_flow_prev": -15760146.189520005,
    "exchange_rate_effect": -131750.4222399881,
    "exchange_rate_effect_prev": -131248.58488999764,
    "net_change_in_cash": -172909.6314008484,
    "net_change_in_cash_prev": 7450946.337489265,
    "cash_beginning": 10431531.193711238,
    "cash_beginning_prev": 2980584.8562219734,
    "cash_ending": 10258621.56231039,
    "cash_ending_prev": 10431531.193711238
  }
}