{
  "metadata": {
    "filename": "_90 20252report.xls",
    "company": "АПУ",
    "year": "2025",
    "parsed_at": "2026-02-23T14:18:07.463559",
    "sheets_parsed": [
      "balance_sheet",
      "income_statement",
      "cash_flow"
    ]
  },
  "balance_sheet": {
    "current_assets_section": 0.0,
    "current_assets_section_prev": 0.0,
    "cash_and_equivalents": 181984460.75806,
    "cash_and_equivalents_prev": 92974324.0,
    "accounts_receivable": 100812237.58942999,
    "accounts_receivable_prev": 74494188.0,
    "tax_receivable": 20115182.17764,
    "tax_receivable_prev": 16398831.0,
    "other_receivables": 37842298.80589,
    "other_receivables_prev": 30263127.0,
    "other_financial_assets": 15687207.0,
    "other_financial_assets_prev": 0.0,
    "inventory": 191299511.36913,
    "inventory_prev": 206905017.0,
    "prepaid_expenses": 86377298.9500799,
    "prepaid_expenses_prev": 38116101.0,
    "other_current_assets": 0.0,
    "other_current_assets_prev": 0.0,
    "non_current_assets_section": 0.0,
    "non_current_assets_section_prev": 0.0,
    "total_current_assets": 634364196.65023,
    "total_current_assets_prev": 459562588.0,
    "fixed_assets": 539512468.056,
    "fixed_assets_prev": 535762942.0,
    "intangible_assets": 49874274.7078199,
    "intangible_assets_prev": 52915709.0,
    "biological_assets": 586818.37698,
    "biological_assets_prev": 628447.0,
    "long_term_investments": 0.0,
    "long_term_investments_prev": 0.0,
    "deferred_tax_asset": 3036076.81504999,
    "deferred_tax_asset_prev": 3342666.0,
    "other_non_current_assets": 0.0,
    "other_non_current_assets_prev": 10875584.0,
    "total_non_current_assets": 608477730.95585,
    "total_non_current_assets_prev": 618993441.0,
    "total_assets": 1242841927.60608,
    "total_assets_prev": 1078556029.0,
    "total_equity": 855245617.9,
    "total_equity_prev": 794999592.5,
    "accounts_payable": 45396948.6545699,
    "accounts_payable_prev": 51714438.0,
    "salaries_payable": 2727776.1796399998,
    "salaries_payable_prev": 2207833.30617,
    "taxes_payable": 29451551.8253799,
    "taxes_payable_prev": 16418658.0,
    "social_security_payable": 26481.343760000003,
    "social_security_payable_prev": 15946.13329,
    "short_term_loans": 6859543.63636,
    "short_term_loans_prev": 22504787.0,
    "interest_payable": 3233107.74656999,
    "interest_payable_prev": 2142718.425,
    "dividends_payable": 2334121.559,
    "dividends_payable_prev": 2000329.0,
    "unearned_revenue": 2512774.17821,
    "unearned_revenue_prev": 0.0,
    "other_current_liabilities": 38526419.59848,
    "other_current_liabilities_prev": 38513016.53457,
    "total_current_liabilities": 140372624.55745,
    "total_current_liabilities_prev": 149687247.0,
    "long_term_loans": 175957470.33901998,
    "long_term_loans_prev": 61383927.0,
    "deferred_tax_liability": 23390901.123779997,
    "deferred_tax_liability_prev": 25484784.0,
    "other_non_current_liabilities": 46548907.68405,
    "other_non_current_liabilities_prev": 45691653.0,
    "total_non_current_liabilities": 247223685.09203,
    "total_non_current_liabilities_prev": 133869189.0,
    "total_liabilities": 387596309.6,
    "total_liabilities_prev": 283556436.0,
    "additional_paid_in_capital": 226646951.29579002,
    "additional_paid_in_capital_prev": 226646951.29579002,
    "retained_earnings": 435910550.38276,
    "retained_earnings_prev": 392482641.0,
    "total_liabilities_and_equity": 1242841927.60608,
    "total_liabilities_and_equity_prev": 1078556029.0
  },
  "income_statement": {
    "revenue": 652534717.66258,
    "revenue_prev": 1327522591.0,
    "cost_of_goods_sold": 330236177.87757003,
    "cost_of_goods_sold_prev": 680502489.0,
    "gross_profit": 322298539.7850099,
    "gross_profit_prev": 647020102.0,
    "rental_income": 973218.5473999999,
    "rental_income_prev": 2308185.54052,
    "interest_income": 2334065.8274299996,
    "interest_income_prev": 5016464.0,
    "dividend_income": 0.0,
    "dividend_income_prev": 0.0,
    "other_income": 4573598.397310001,
    "other_income_prev": 5535927.45934,
    "selling_expenses": 119445701.648749,
    "selling_expenses_prev": 220270661.79206,
    "general_and_admin_expenses": 65581228.591411,
    "general_and_admin_expenses_prev": 148527611.20794,
    "financial_expense": 12120326.56641,
    "financial_expense_prev": 28863487.68114001,
    "other_expenses": 2489168.85138,
    "other_expenses_prev": 16029320.62485999,
    "foreign_exchange_gain_loss": -2340372.31160999,
    "foreign_exchange_gain_loss_prev": -1690945.31885999,
    "profit_before_tax": 127763786.45294997,
    "profit_before_tax_prev": 241518699.99978006,
    "income_tax_expense": 30117650.85725,
    "income_tax_expense_prev": 48627848.0,
    "profit_after_tax": 97646135.59569997,
    "profit_after_tax_prev": 192890851.99978006,
    "net_income": 97646135.59569997,
    "net_income_prev": 192890851.99978006,
    "total_comprehensive_income": 98897371.6417,
    "total_comprehensive_income_prev": 192316452.99978
  },
  "cash_flow": {
    "operating_activities_section": 0.0,
    "operating_activities_section_prev": 0.0,
    "operating_cash_flow": 141476874.2,
    "operating_cash_flow_prev": 257851895.75232,
    "investing_activities_section": 0.0,
    "investing_activities_section_prev": 0.0,
    "investing_cash_flow": -71823081.85678,
    "investing_cash_flow_prev": -117982345.3,
    "financing_activities_section": 0.0,
    "financing_activities_section_prev": 0.0,
    "financing_cash_flow": 19356344.369650025,
    "financing_cash_flow_prev": -169047375.5,
    "exchange_rate_effect": 0.0,
    "exchange_rate_effect_prev": 0.0,
    "net_change_in_cash": 89010136.8,
    "net_change_in_cash_prev": -29177825.0,
    "cash_beginning": 92974324.0,
    "cash_beginning_prev": 122152148.99999978,
    "cash_ending": 181984460.8,
    "cash_ending_prev": 92974324.0
  },
  "shares_outstanding_override": 1064181553
}