{
  "metadata": {
    "filename": "_551 20253report.xls",
    "company": "Моносхүнс",
    "year": "2025",
    "parsed_at": "2026-02-24T11:46:14.358810",
    "sheets_parsed": [
      "balance_sheet",
      "income_statement",
      "cash_flow"
    ]
  },
  "balance_sheet": {
    "cash_and_equivalents": 992171756.6205001,
    "cash_and_equivalents_prev": 2292388399.4916,
    "accounts_receivable": 7959301036.422501,
    "accounts_receivable_prev": 5196943405.778601,
    "tax_receivable": 35233296.6684,
    "tax_receivable_prev": 43712058.1714,
    "other_receivables": 419798044.9284,
    "other_receivables_prev": 300498638.1542,
    "other_financial_assets": 0.0,
    "other_financial_assets_prev": 0.0,
    "inventory": 8701686296.1049,
    "inventory_prev": 7806736214.224401,
    "prepaid_expenses": 375360256.2491,
    "prepaid_expenses_prev": 500671066.4958,
    "other_current_assets": 0.0,
    "non_current_assets_section": 0.0,
    "non_current_assets_section_prev": 1428798812.6622,
    "total_current_assets": 18483550686.9938,
    "total_current_assets_prev": 17569748594.978203,
    "fixed_assets": 38859421855.1044,
    "fixed_assets_prev": 38045043212.6804,
    "intangible_assets": 306037156.8302,
    "intangible_assets_prev": 327069927.1737,
    "biological_assets": 0.0,
    "long_term_investments": 0.0,
    "deferred_tax_asset": 95157299.3762,
    "deferred_tax_asset_prev": 95157299.3762,
    "other_non_current_assets": 2149235459.9176,
    "other_non_current_assets_prev": 2951401639.6977,
    "total_non_current_assets": 41409851771.2284,
    "total_non_current_assets_prev": 41418672078.92799,
    "total_assets": 59893402458.2222,
    "total_assets_prev": 58988420673.9062,
    "accounts_payable": 1993779211.6559,
    "accounts_payable_prev": 1621095551.6584,
    "salaries_payable": 1174466364.0,
    "salaries_payable_prev": 604991316.78,
    "taxes_payable": 1257501145.4948,
    "taxes_payable_prev": 866574008.7844,
    "social_security_payable": 89626292.37,
    "social_security_payable_prev": 84383678.0,
    "short_term_loans": 9162500000.0,
    "short_term_loans_prev": 14625080000.0,
    "interest_payable": 46058899.6015,
    "interest_payable_prev": 32354972.268,
    "dividends_payable": 0.0,
    "dividends_payable_prev": 0.0,
    "unearned_revenue": 136894589.0816,
    "unearned_revenue_prev": 93651258.5184,
    "other_current_liabilities": 1247957663.5059,
    "other_current_liabilities_prev": 1233761082.5111,
    "total_current_liabilities": 15339798007.309698,
    "total_current_liabilities_prev": 19392905710.1203,
    "long_term_loans": 13507431878.2846,
    "long_term_loans_prev": 13507431878.2846,
    "deferred_tax_liability": 0.0,
    "deferred_tax_liability_prev": 0.0,
    "other_non_current_liabilities": 66972026.56,
    "other_non_current_liabilities_prev": 66972026.56,
    "total_non_current_liabilities": 16041972026.564598,
    "total_non_current_liabilities_prev": 16041972026.564598,
    "total_liabilities": 31381770033.8743,
    "total_liabilities_prev": 35434877736.6849,
    "additional_paid_in_capital": 6835733063.190001,
    "additional_paid_in_capital_prev": 6835733063.190001,
    "retained_earnings": 19357717434.3979,
    "retained_earnings_prev": 14399627947.2713,
    "total_equity": 28511632424.3479,
    "total_equity_prev": 23553542937.2213,
    "total_liabilities_and_equity": 59893402458.2222,
    "total_liabilities_and_equity_prev": 58988420673.9062
  },
  "income_statement": {
    "revenue": 36321464505.4727,
    "revenue_prev": 37993253987.2257,
    "cost_of_goods_sold": 16565869123.471,
    "cost_of_goods_sold_prev": 19715029072.1423,
    "gross_profit": 19755595382.0017,
    "gross_profit_prev": 18278224915.0834,
    "rental_income": 654545.4500000001,
    "rental_income_prev": 0.0,
    "interest_income": 21125401.5091,
    "interest_income_prev": 150461648.3666,
    "dividend_income": 0.0,
    "dividend_income_prev": 0.0,
    "other_income": 38629716.6321,
    "other_income_prev": 66054081.1048,
    "selling_expenses": 8452663177.4266,
    "selling_expenses_prev": 8303161562.157101,
    "general_and_admin_expenses": 4122429813.2846,
    "general_and_admin_expenses_prev": 4312876978.6204,
    "financial_expense": 1609545058.9482,
    "financial_expense_prev": 1022862566.1849,
    "other_expenses": 218910167.3038,
    "other_expenses_prev": 273335861.5806,
    "foreign_exchange_gain_loss": -138980887.1309,
    "foreign_exchange_gain_loss_prev": -37172653.4489,
    "profit_before_tax": 7887936524.570103,
    "profit_before_tax_prev": 4562514466.673901,
    "income_tax_expense": 1294445325.4435,
    "income_tax_expense_prev": 511814045.3357,
    "profit_after_tax": 6593491199.126602,
    "profit_after_tax_prev": 4050700421.3382006,
    "net_income": 6593491199.126602,
    "net_income_prev": 4050700421.3382006,
    "total_comprehensive_income": 6593491199.126602,
    "total_comprehensive_income_prev": 1542596147.0496006
  },
  "cash_flow": {
    "operating_cash_flow": 3149100785.3318024,
    "operating_cash_flow_prev": -1236614.7921537,
    "investing_cash_flow": 2572276994.5220003,
    "investing_cash_flow_prev": -3937369.4365691,
    "financing_cash_flow": -7014825406.990002,
    "financing_cash_flow_prev": -20059920.0,
    "exchange_rate_effect": -6769015.734900001,
    "exchange_rate_effect_prev": -11186.0975117,
    "net_change_in_cash": -1300216642.8711,
    "net_change_in_cash_prev": -25245090.3262345,
    "cash_beginning": 2292388399.4916,
    "cash_beginning_prev": 27537478.7257261,
    "cash_ending": 992171756.6205001,
    "cash_ending_prev": 2292388.3994916
  }
}