{
  "metadata": {
    "filename": "_135 20253report.xls",
    "company": "Сүү",
    "year": "2025",
    "parsed_at": "2026-02-24T11:45:24.662943",
    "sheets_parsed": [
      "balance_sheet",
      "income_statement",
      "cash_flow"
    ]
  },
  "balance_sheet": {
    "current_assets_section": 0.0,
    "current_assets_section_prev": 0.0,
    "cash_and_equivalents": 1648050318.1,
    "cash_and_equivalents_prev": 1618713781.5900002,
    "accounts_receivable": 7732879044.75,
    "accounts_receivable_prev": 5068411414.68,
    "tax_receivable": 0.0,
    "tax_receivable_prev": 67324982.41,
    "other_receivables": 5239049280.65,
    "other_receivables_prev": 2701476556.2,
    "other_financial_assets": 0.0,
    "other_financial_assets_prev": 0.0,
    "inventory": 40402383743.1,
    "inventory_prev": 32781243399.65,
    "prepaid_expenses": 12048186969.99,
    "prepaid_expenses_prev": 10886748343.77,
    "other_current_assets": 0.0,
    "other_current_assets_prev": 0.0,
    "non_current_assets_section": 0.0,
    "non_current_assets_section_prev": 0.0,
    "total_current_assets": 67325384696.59,
    "total_current_assets_prev": 53585645195.100006,
    "fixed_assets": 80796662980.6,
    "fixed_assets_prev": 80328363752.81,
    "intangible_assets": 834477992.02,
    "intangible_assets_prev": 158086271.69,
    "biological_assets": 976177037.23,
    "biological_assets_prev": 1132304782.44,
    "long_term_investments": 0.0,
    "long_term_investments_prev": 0.0,
    "deferred_tax_asset": 0.0,
    "deferred_tax_asset_prev": 0.0,
    "other_non_current_assets": 20564852162.84,
    "other_non_current_assets_prev": 15598564277.63,
    "total_non_current_assets": 109515059516.61,
    "total_non_current_assets_prev": 103560208428.49,
    "total_assets": 176840444213.2,
    "total_assets_prev": 157145853623.59,
    "total_equity": 67200918770.37,
    "total_equity_prev": 60377147152.1,
    "accounts_payable": 8723012614.27,
    "accounts_payable_prev": 4228619796.48,
    "salaries_payable": 1322635516.75,
    "salaries_payable_prev": 1408806469.07,
    "taxes_payable": 4120693463.92,
    "taxes_payable_prev": 1667872641.36,
    "social_security_payable": 677085658.41,
    "social_security_payable_prev": 1126131046.8,
    "short_term_loans": 10664346966.7,
    "short_term_loans_prev": 25886509287.53,
    "interest_payable": 78808738.99,
    "interest_payable_prev": 256441307.11,
    "dividends_payable": 2065697722.29,
    "dividends_payable_prev": 3300247229.51,
    "unearned_revenue": 52028897.65,
    "unearned_revenue_prev": 72126504.4,
    "other_current_liabilities": 38238086665.5,
    "other_current_liabilities_prev": 24081452681.15,
    "total_current_liabilities": 65942396244.48,
    "total_current_liabilities_prev": 62028206963.41,
    "long_term_loans": 33712623230.83,
    "long_term_loans_prev": 23987897627.12,
    "deferred_tax_liability": 346785222.24,
    "deferred_tax_liability_prev": 401486714.13,
    "other_non_current_liabilities": 1131890820.36,
    "other_non_current_liabilities_prev": 1459505825.09,
    "total_non_current_liabilities": 43697129198.35,
    "total_non_current_liabilities_prev": 34740499508.08,
    "total_liabilities": 109639525442.83,
    "total_liabilities_prev": 96768706471.49,
    "additional_paid_in_capital": 60101311.76,
    "additional_paid_in_capital_prev": 60101311.76,
    "retained_earnings": 67106504243.31,
    "retained_earnings_prev": 60282732625.04,
    "total_liabilities_and_equity": 176840444213.2,
    "total_liabilities_and_equity_prev": 157145853623.59
  },
  "income_statement": {
    "revenue": 164671472348.58,
    "revenue_prev": 192399370626.40997,
    "cost_of_goods_sold": 116700406233.35,
    "cost_of_goods_sold_prev": 134849708271.99,
    "gross_profit": 47971066115.23,
    "gross_profit_prev": 57549662354.42,
    "rental_income": 45490909.06,
    "rental_income_prev": 60654545.4,
    "interest_income": 7417636.19,
    "interest_income_prev": 47518386.05,
    "dividend_income": 0.0,
    "dividend_income_prev": 0.0,
    "other_income": 2686921882.0,
    "other_income_prev": 2714205468.7669997,
    "selling_expenses": 9937424493.68,
    "selling_expenses_prev": 12512796776.82,
    "general_and_admin_expenses": 22305066032.4,
    "general_and_admin_expenses_prev": 20017258579.47,
    "financial_expense": 5281170933.91,
    "financial_expense_prev": 4950808308.09,
    "other_expenses": 64111282.09,
    "other_expenses_prev": 157488641.49,
    "foreign_exchange_gain_loss": -234012711.86,
    "foreign_exchange_gain_loss_prev": -138679198.44,
    "profit_before_tax": 11514687023.17,
    "profit_before_tax_prev": 21094742050.75,
    "income_tax_expense": 1918005012.31,
    "income_tax_expense_prev": 3270811875.35,
    "profit_after_tax": 9596682010.86,
    "profit_after_tax_prev": 17823930175.4,
    "net_income": 9596682010.86,
    "net_income_prev": 17823930175.4,
    "total_comprehensive_income": 9596682010.86,
    "total_comprehensive_income_prev": 17823930175.4
  },
  "cash_flow": {
    "operating_activities_section": 0.0,
    "operating_activities_section_prev": 0.0,
    "operating_cash_flow": 10629508491.02,
    "operating_cash_flow_prev": -6497727874.71,
    "investing_activities_section": 0.0,
    "investing_activities_section_prev": 0.0,
    "investing_cash_flow": -2155814345.65,
    "investing_cash_flow_prev": -7550733980.82,
    "financing_activities_section": 0.0,
    "financing_activities_section_prev": 0.0,
    "financing_cash_flow": -8333988665.23,
    "financing_cash_flow_prev": 181453376.8,
    "exchange_rate_effect": -110368943.65,
    "exchange_rate_effect_prev": -86533872.39,
    "net_change_in_cash": 29336536.51,
    "net_change_in_cash_prev": -13953542351.12,
    "cash_beginning": 1618713781.59,
    "cash_beginning_prev": 15572256132.71,
    "cash_ending": 1648050318.1,
    "cash_ending_prev": 1618713781.59
  }
}